ID,round,treated,concentration,dipped,hoagland,lineage,tribe,species,0_das,1_das,3_das,6_das,7_das,8_das,9_das,10_das,11_das,12_das,13_das,14_das,15_das,16_das,17_das,18_das,19_das,20_das,21_das,22_das,23_das,24_das,25_das,26_das,27_das,28_das,29_das,30_das,31_das,32_das,33_das,34_das,35_das,36_das,38_das,39_das
37,1,MeJA,0.5mM,1,0,expanded lineage II,Arabidae,Arabis_glabra,0,,,,0,,,,,2,,3,,3.5,,4,,,4.5,,5.5,,5.5,,,7.5,,8.5,,,,,,,,
38,1,control,0.5mM,1,0,expanded lineage II,Arabidae,Arabis_glabra,0,,,,0,,,,,2,,3,,3.5,,4,,,4.5,,5.5,,6.5,,,7.5,,8.5,,,,,,,,
39,1,control,0.5mM,1,0,expanded lineage II,Arabidae,Arabis_glabra,0,,,,0,,,,,2,,2,,2.5,,3,,,4,,4.5,,6,,,7,,7.5,,,,,,,,
40,1,control,0.5mM,1,0,expanded lineage II,Arabidae,Arabis_glabra,0,,,,0,,,,,2,,3,,3.5,,4,,,4.5,,5.5,,6.5,,,7.5,,9.5,,,,,,,,
41,1,control,0.5mM,1,0,expanded lineage II,Arabidae,Arabis_glabra,0,,,,0,,,,,2,,2,,3,,3.5,,,4.5,,5,,5.5,,,6.5,,6.5,,,,,,,,
42,1,MeJA,0.5mM,1,0,expanded lineage II,Arabidae,Arabis_glabra,0,,,,0,,,,,2,,3,,3.5,,4,,,5.5,,5.5,,6.5,,,7.5,,8.5,,,,,,,,
43,1,control,0.5mM,1,0,expanded lineage II,Arabidae,Arabis_glabra,0,,,,0,,,,,2,,3,,3.5,,4,,,4.5,,5.5,,6.5,,,7.5,,8.5,,,,,,,,
44,1,MeJA,0.5mM,1,0,expanded lineage II,Arabidae,Arabis_glabra,0,,,,0,,,,,2,,3,,3,,4,,,4.5,,5.5,,6.5,,,8,,8.5,,,,,,,,
45,1,control,0.5mM,1,0,expanded lineage II,Arabidae,Arabis_glabra,0,,,,0,,,,,2,,2,,3,,3.5,,,4.5,,5.5,,6.5,,,7.5,,8.5,,,,,,,,
46,1,MeJA,0.5mM,1,0,expanded lineage II,Arabidae,Arabis_glabra,0,,,,0,,,,,2,,2,,3.5,,4.5,,,4.5,,5.5,,6.5,,,7.5,,7.5,,,,,,,,
47,1,MeJA,0.5mM,1,0,expanded lineage II,Arabidae,Arabis_glabra,0,,,,0,,,,,2,,2,,3,,3.5,,,4.5,,4.5,,5.5,,,6.5,,6.5,,,,,,,,
48,1,control,0.5mM,1,0,expanded lineage II,Arabidae,Arabis_glabra,0,,,,0,,,,,2,,3,,3.5,,4,,,4.5,,5.5,,6.5,,,7.5,,8.5,,,,,,,,
49,1,control,1mM,2,0,lineage II,Brassiceae,Sinapis_arvensis,0,,,,0,,,,,1.5,,2,,2,,2,,,2.5,,3,,3.5,,,4,,4.5,,,4.5,,,,4.5,
50,1,control,1mM,2,0,lineage II,Brassiceae,Sinapis_arvensis,0,,,,0,,,,,1.5,,2,,2,,2,,,2.5,,3.5,,4,,,4.5,,5,,,5.5,,,,6,
51,1,control,1mM,2,0,lineage II,Brassiceae,Sinapis_arvensis,0,,,,0,,,,,2,,2.5,,2.5,,3,,,3.5,,4,,4.5,,,5.5,,6,,,7.5,,,,7.5,
52,1,MeJA,1mM,2,0,lineage II,Brassiceae,Sinapis_arvensis,0,,,,0,,,,,1.5,,2,,2,,2,,,2,,2.5,,4,,,5,,6,,,5,,,,6,
53,1,MeJA,1mM,2,0,lineage II,Brassiceae,Sinapis_arvensis,0,,,,0,,,,,2,,2,,2.5,,2.5,,,3,,4,,4.5,,,5,,5,,,5.5,,,,6,
54,1,control,1mM,2,0,lineage II,Brassiceae,Sinapis_arvensis,0,,,,0,,,,,2,,2,,2,,2.5,,,3,,4,,5,,,6,,6,,,6,,,,6,
55,1,MeJA,1mM,2,0,lineage II,Brassiceae,Sinapis_arvensis,0,,,,0,,,,,1.5,,2,,2,,2,,,2.5,,3,,4,,,4,,5,,,6,,,,6,
56,1,MeJA,1mM,2,0,lineage II,Brassiceae,Sinapis_arvensis,0,,,,0,,,,,1.5,,2,,2,,2,,,3,,2.5,,2.5,,,3,,3,,,6.5,,,,6.5,
57,1,control,1mM,2,0,lineage II,Brassiceae,Sinapis_arvensis,0,,,,0,,,,,1.5,,2,,2,,2,,,3,,3.5,,4,,,5,,6,,,6,,,,6,
58,1,MeJA,1mM,2,0,lineage II,Brassiceae,Sinapis_arvensis,0,,,,0,,,,,2,,2,,2,,2.5,,,3,,3,,3.5,,,4,,5,,,6,,,,7.5,
59,1,control,1mM,2,0,lineage II,Brassiceae,Sinapis_arvensis,0,,,,0,,,,,1.5,,2,,2,,2,,,3,,4,,5,,,5,,5,,,5,,,,5,
60,1,MeJA,1mM,2,0,lineage II,Brassiceae,Sinapis_arvensis,0,,,,0,,,,,0,,1,,2,,2,,,2,,2,,2.5,,,4,,4,,,4.5,,,,5,
61,1,MeJA,1mM,1,0,lineage II,Brassiceae,Brassica_nigra,0,,,,0,,,,,2,,2.5,,3,,3.5,,,4,,4,,4.5,,,5.5,,5.5,,,,,,,,
62,1,control,1mM,1,0,lineage II,Brassiceae,Brassica_nigra,0,,,,0,,,,,2,,2.5,,3,,3.5,,,4,,4.5,,4.5,,,5.5,,5.5,,,,,,,,
63,1,control,1mM,1,0,lineage II,Brassiceae,Brassica_nigra,0,,,,0,,,,,2,,2.5,,4,,4,,,4,,4.5,,5,,,5.5,,6.5,,,,,,,,
64,1,control,1mM,1,0,lineage II,Brassiceae,Brassica_nigra,0,,,,0,,,,,2,,2.5,,4,,4,,,4,,4,,4.5,,,5.5,,5.5,,,,,,,,
65,1,MeJA,1mM,1,0,lineage II,Brassiceae,Brassica_nigra,0,,,,0,,,,,2,,2,,2,,2,,,2.5,,3,,3.5,,,4,,4,,,,,,,,
66,1,MeJA,1mM,1,0,lineage II,Brassiceae,Brassica_nigra,0,,,,0,,,,,2,,2,,2.5,,3,,,3,,3.5,,3,,,4,,4.5,,,,,,,,
67,1,control,1mM,1,0,lineage II,Brassiceae,Brassica_nigra,0,,,,0,,,,,2,,2,,2,,2.5,,,3,,3.5,,4,,,4.5,,4.5,,,,,,,,
68,1,MeJA,1mM,1,0,lineage II,Brassiceae,Brassica_nigra,0,,,,0,,,,,2,,2,,2.5,,3,,,3.5,,4,,4.5,,,5.5,,5.5,,,,,,,,
69,1,MeJA,1mM,1,0,lineage II,Brassiceae,Brassica_nigra,0,,,,0,,,,,2.5,,4,,4,,4,,,4.5,,5,,5,,,6,,6.5,,,,,,,,
70,1,control,1mM,1,0,lineage II,Brassiceae,Brassica_nigra,0,,,,0,,,,,2.5,,3,,4,,4,,,4,,5,,5,,,6,,6.5,,,,,,,,
71,1,control,1mM,1,0,lineage II,Brassiceae,Brassica_nigra,0,,,,0,,,,,2,,2,,2.5,,2.5,,,3.5,,3.5,,3,,,,,,,,,,,,,
72,1,MeJA,1mM,1,0,lineage II,Brassiceae,Brassica_nigra,0,,,,0,,,,,2,,2,,2.5,,3.5,,,4,,4,,4.5,,,5,,5,,,,,,,,
73,1,MeJA,0.5mM,3,0,lineage II,Brassiceae,Brassica_oleracea_kimmeridge,0,,,,0,,,,,1,,1,,1,,1.5,,,2,,2,,2.5,,,2.5,,3,,,3,,,,3.5,
74,1,control,0.5mM,3,0,lineage II,Brassiceae,Brassica_oleracea_kimmeridge,0,,,,0,,,,,1,,1,,1,,1.5,,,2,,2,,2,,,3,,3,,,3,,,,3.5,
75,1,control,0.5mM,3,0,lineage II,Brassiceae,Brassica_oleracea_kimmeridge,0,,,,0,,,,,1,,1.5,,2,,2,,,2,,2,,2.5,,,3.5,,3.5,,,3.5,,,,3.5,
76,1,control,0.5mM,3,0,lineage II,Brassiceae,Brassica_oleracea_kimmeridge,0,,,,0,,,,,0.5,,1,,1,,1,,,2.5,,2,,2,,,2,,2,,,2,,,,2.5,
77,1,MeJA,0.5mM,3,0,lineage II,Brassiceae,Brassica_oleracea_kimmeridge,0,,,,0,,,,,1,,1,,1,,1.5,,,2,,2,,2,,,2,,2,,,2,,,,2,
78,1,MeJA,0.5mM,3,0,lineage II,Brassiceae,Brassica_oleracea_kimmeridge,0,,,,0,,,,,0.5,,0,,1,,1,,,1.5,,2,,2,,,2.5,,3,,,3,,,,3.5,
79,1,MeJA,0.5mM,3,0,lineage II,Brassiceae,Brassica_oleracea_kimmeridge,0,,,,0,,,,,0.5,,1,,1,,1.5,,,2,,2,,2,,,2,,2,,,2.5,,,,3,
80,1,MeJA,0.5mM,3,0,lineage II,Brassiceae,Brassica_oleracea_kimmeridge,0,,,,0,,,,,0.5,,1,,1,,1.5,,,2,,2,,2,,,2,,3,,,2.5,,,,3.5,
81,1,control,0.5mM,3,0,lineage II,Brassiceae,Brassica_oleracea_kimmeridge,0,,,,0,,,,,0.5,,1,,1,,1,,,1,,1,,1.5,,,2,,2,,,2.5,,,,2.5,
82,1,control,0.5mM,3,0,lineage II,Brassiceae,Brassica_oleracea_kimmeridge,0,,,,0,,,,,0.5,,1,,1.5,,2,,,2,,2,,2,,,2,,2,,,2,,,,2.5,
83,1,MeJA,0.5mM,3,0,lineage II,Brassiceae,Brassica_oleracea_kimmeridge,0,,,,0,,,,,0.5,,1,,1,,1,,,1,,2,,2,,,2,,2,,,2.5,,,,3,
84,1,control,0.5mM,3,0,lineage II,Brassiceae,Brassica_oleracea_kimmeridge,0,,,,0,,,,,1,,1,,1,,1.5,,,2,,2,,2,,,2.5,,3,,,2.5,,,,3,
85,1,MeJA,0.5mM,2,0,lineage II,Brassiceae,Brassica_oleracea_rivera,0,,,,0,,,,,1.5,,1.5,,2,,2,,,2.5,,2.5,,3,,,3.5,,4,,,4.5,,,,4.5,
86,1,control,0.5mM,2,0,lineage II,Brassiceae,Brassica_oleracea_rivera,0,,,,0,,,,,1.5,,1.5,,2,,2,,,2.5,,3.5,,3.5,,,3.5,,3.5,,,3.5,,,,3.5,
87,1,control,0.5mM,2,0,lineage II,Brassiceae,Brassica_oleracea_rivera,0,,,,0,,,,,2,,2,,2,,2,,,2.5,,3.5,,2.5,,,4,,4,,,4.5,,,,4.5,
88,1,control,0.5mM,2,0,lineage II,Brassiceae,Brassica_oleracea_rivera,0,,,,0,,,,,1.5,,1.5,,2,,2,,,2,,2,,2.5,,,4-Feb,,4,,,4.5,,,,4.5,
89,1,MeJA,0.5mM,2,0,lineage II,Brassiceae,Brassica_oleracea_rivera,0,,,,0,,,,,1.5,,2,,2,,2,,,2.5,,2.5,,3,,,3.5,,3.5,,,3.5,,,,4.5,
90,1,MeJA,0.5mM,2,0,lineage II,Brassiceae,Brassica_oleracea_rivera,0,,,,0,,,,,1.5,,2,,2,,2,,,2.5,,2.5,,2.5,,,3.5,,3.5,,,3.5,,,,3.5,
91,1,MeJA,0.5mM,2,0,lineage II,Brassiceae,Brassica_oleracea_rivera,0,,,,0,,,,,1.5,,2,,2,,2,,,2,,2.5,,2.5,,,3.5,,3.5,,,3.5,,,,4.5,
92,1,control,0.5mM,2,0,lineage II,Brassiceae,Brassica_oleracea_rivera,0,,,,0,,,,,1.5,,2,,2,,2,,,2,,2.5,,2.5,,,3.5,,3.5,,,3.5,,,,4,
93,1,MeJA,0.5mM,2,0,lineage II,Brassiceae,Brassica_oleracea_rivera,0,,,,0,,,,,1.5,,2,,2,,2,,,2.5,,3.5,,4,,,4.5,,4.5,,,4.5,,,,4.5,
94,1,MeJA,0.5mM,2,0,lineage II,Brassiceae,Brassica_oleracea_rivera,0,,,,0,,,,,1.5,,2,,2,,2,,,2.5,,2.5,,2.5,,,3.5,,3.5,,,2.5,,,,3.5,
95,2,control,1mM,1,0,lineage I,Cardamineae,Barbarea_vulgaris,0,,,,0,,2,,2,,2.5,,4,,,5.5,,5.5,,6.5,,,7.5,,,,,,,,,,,,,
96,2,MeJA,1mM,1,0,lineage I,Cardamineae,Barbarea_vulgaris,0,,,,0,,2,,2,,3.5,,4,,,4.5,,5,,5.5,,,7,,,,,,,,,,,,,
97,2,control,1mM,1,0,lineage I,Cardamineae,Barbarea_vulgaris,0,,,,0,,2,,2,,2.5,,4.5,,,4.5,,5.5,,6.5,,,7.5,,,,,,,,,,,,,
98,2,MeJA,1mM,1,0,lineage I,Cardamineae,Barbarea_vulgaris,0,,,,0,,2,,2,,3.5,,5.5,,,5.5,,5.5,,7.5,,,8.5,,,,,,,,,,,,,
99,2,control,1mM,1,0,lineage I,Cardamineae,Barbarea_vulgaris,0,,,,0,,2,,2,,3.5,,4.5,,,4.5,,4.5,,5.5,,,6.5,,,,,,,,,,,,,
100,2,MeJA,1mM,1,0,lineage I,Cardamineae,Barbarea_vulgaris,0,,,,0,,2,,2,,2.5,,4.5,,,4.5,,5.5,,6.5,,,7.5,,,,,,,,,,,,,
101,2,control,1mM,1,0,lineage I,Cardamineae,Barbarea_vulgaris,0,,,,0,,2,,2,,3.5,,4.5,,,4.5,,6,,7.5,,,9,,,,,,,,,,,,,
102,2,MeJA,1mM,1,0,lineage I,Cardamineae,Barbarea_vulgaris,0,,,,0,,2,,2,,2.5,,4.5,,,4.5,,4.5,,5.5,,,5.5,,,,,,,,,,,,,
103,2,control,1mM,1,0,lineage I,Cardamineae,Barbarea_vulgaris,0,,,,0,,2,,2,,3.5,,4.5,,,4.5,,6.5,,4,,,4.5,,,,,,,,,,,,,
104,2,MeJA,1mM,1,0,lineage I,Cardamineae,Barbarea_vulgaris,0,,,,0,,0,,1,,3.5,,2.5,,,2.5,,4,,6.5,,,7.5,,,,,,,,,,,,,
105,2,control,1mM,1,0,lineage I,Cardamineae,Barbarea_vulgaris,0,,,,0,,2,,2,,4,,4.5,,,4.5,,6.5,,6.5,,,8.5,,,,,,,,,,,,,
106,2,MeJA,1mM,1,0,lineage I,Cardamineae,Barbarea_vulgaris,0,,,,0,,2,,2,,4,,4,,,4,,4.5,,5.5,,,6.5,,,,,,,,,,,,,
107,2,control,0.5mM,2,0,expanded lineage II,Alysseae,Berteroa_incana,0,,,,0,,0,,2,,2,,2.5,,,3.5,,4,,4,,,5,,,,5.5,,,,,6,,,,
108,2,MeJA,0.5mM,2,0,expanded lineage II,Alysseae,Berteroa_incana,0,,,,0,,0,,2,,2,,2.5,,,4,,4,,4.5,,,5.5,,,,6.5,,,,,7.5,,,,
109,2,control,0.5mM,2,0,expanded lineage II,Alysseae,Berteroa_incana,0,,,,0,,0,,2,,2,,3,,,3,,4,,4,,,4.5,,,,5.5,,,,,6,,,,
110,2,MeJA,0.5mM,2,0,expanded lineage II,Alysseae,Berteroa_incana,0,,,,0,,2,,2,,2.5,,4,,,4,,4,,4.5,,,5.5,,,,5.5,,,,,6.5,,,,
111,2,control,0.5mM,2,0,expanded lineage II,Alysseae,Berteroa_incana,0,,,,0,,0,,2,,2,,4,,,4,,4,,5.5,,,6,,,,7,,,,,7.5,,,,
112,2,MeJA,0.5mM,2,0,expanded lineage II,Alysseae,Berteroa_incana,0,,,,0,,0,,2,,2,,3,,,3,,3.5,,4,,,4.5,,,,4.5,,,,,5,,,,
113,2,control,0.5mM,2,0,expanded lineage II,Alysseae,Berteroa_incana,0,,,,0,,0,,2,,2,,4,,,4,,4,,5.5,,,6.5,,,,8.5,,,,,9.5,,,,
114,2,MeJA,0.5mM,2,0,expanded lineage II,Alysseae,Berteroa_incana,0,,,,0,,0,,2,,2,,4,,,4,,4,,4.5,,,6.5,,,,7.5,,,,,8.5,,,,
115,2,control,0.5mM,2,0,expanded lineage II,Alysseae,Berteroa_incana,0,,,,0,,0,,2,,2,,3.5,,,3.5,,4,,7.5,,,9.5,,,,9.5,,,,,9.5,,,,
116,2,MeJA,0.5mM,2,0,expanded lineage II,Alysseae,Berteroa_incana,0,,,,0,,2,,2,,2,,4.5,,,4.5,,5.5,,4,,,4.5,,,,5,,,,,6,,,,
117,2,control,0.5mM,2,0,expanded lineage II,Alysseae,Berteroa_incana,0,,,,0,,0,,2,,2,,3.5,,,3.5,,4,,4,,,5,,,,6,,,,,6.5,,,,
118,2,MeJA,0.5mM,2,0,expanded lineage II,Alysseae,Berteroa_incana,0,,,,0,,0,,2,,2,,3.5,,,3.5,,4,,4,,,4.5,,,,5.5,,,,,5.5,,,,
119,2,control,1mM,2,0,lineage II,Brassiceae,Brassica_rapa,0,,,,0,,1,,2,,2,,2,,,2.5,,2.5,,2.5,,,3,,,,3.5,,,,,3.5,,,,
120,2,MeJA,1mM,2,0,lineage II,Brassiceae,Brassica_rapa,0,,,,0,,1,,2,,2,,2,,,2.5,,2.5,,3,,,3.5,,,,4.5,,,,,4.5,,,,
121,2,control,1mM,2,0,lineage II,Brassiceae,Brassica_rapa,0,,,,0,,2,,2,,2,,3,,,3,,3,,3,,,2.5,,,,4.5,,,,,5,,,,
122,2,MeJA,1mM,2,0,lineage II,Brassiceae,Brassica_rapa,0,,,,0,,1,,2,,2,,3,,,3,,3,,3.5,,,3.5,,,,3.5,,,,,3.5,,,,
123,2,control,1mM,2,0,lineage II,Brassiceae,Brassica_rapa,0,,,,0,,1,,2,,2,,3.5,,,3.5,,4,,4,,,4,,,,4.5,,,,,5.5,,,,
124,2,MeJA,1mM,2,0,lineage II,Brassiceae,Brassica_rapa,0,,,,0,,1,,2,,2,,2.5,,,2.5,,3,,3,,,3.5,,,,3.5,,,,,3.5,,,,
125,2,control,1mM,2,0,lineage II,Brassiceae,Brassica_rapa,0,,,,0,,0,,2,,2,,2,,,2,,2.5,,2,,,2.5,,,,3.5,,,,,3.5,,,,
126,2,MeJA,1mM,2,0,lineage II,Brassiceae,Brassica_rapa,0,,,,0,,0,,2,,2,,3,,,3,,3,,3,,,3.5,,,,3.5,,,,,3.5,,,,
127,2,control,1mM,2,0,lineage II,Brassiceae,Brassica_rapa,0,,,,0,,1,,2,,2,,3.5,,,3.5,,4,,4,,,4.5,,,,4.5,,,,,4.5,,,,
128,2,MeJA,1mM,2,0,lineage II,Brassiceae,Brassica_rapa,0,,,,0,,1,,2,,2,,3,,,3,,3,,3,,,3.5,,,,3.5,,,,,4.5,,,,
129,2,control,1mM,2,0,lineage II,Brassiceae,Brassica_rapa,0,,,,0,,1,,2,,2,,2.5,,,2.5,,3,,3,,,4.5,,,,4.5,,,,,4.5,,,,
130,2,MeJA,1mM,2,0,lineage II,Brassiceae,Brassica_rapa,0,,,,0,,2,,2,,3.5,,4,,,4,,4,,3,,,3.5,,,,6,,,,,6.5,,,,
131,2,control,0.5mM,1,0,lineage I,Camelineae,Camelina_sativa,0,,,,0,,0,,2,,2.5,,3.5,,,4.5,,4.5,,5.5,,,6.5,,,,,,,,,,,,,
132,2,MeJA,0.5mM,1,0,lineage I,Camelineae,Camelina_sativa,0,,,,0,,0,,2,,2.5,,2.5,,,4,,4.5,,5.5,,,7.5,,,,,,,,,,,,,
133,2,control,0.5mM,1,0,lineage I,Camelineae,Camelina_sativa,0,,,,0,,0,,2,,2.5,,4.5,,,4.5,,4.5,,5.5,,,6.5,,,,,,,,,,,,,
134,2,MeJA,0.5mM,1,0,lineage I,Camelineae,Camelina_sativa,0,,,,0,,0,,2,,2.5,,3.5,,,3.5,,4,,5.5,,,7.5,,,,,,,,,,,,,
135,2,control,0.5mM,1,0,lineage I,Camelineae,Camelina_sativa,0,,,,0,,0,,2,,2.5,,4.5,,,4.5,,5.5,,6.5,,,7.5,,,,,,,,,,,,,
136,2,MeJA,0.5mM,1,0,lineage I,Camelineae,Camelina_sativa,0,,,,0,,0,,2,,2.5,,4,,,4,,4.5,,5.5,,,7.5,,,,,,,,,,,,,
137,2,control,0.5mM,1,0,lineage I,Camelineae,Camelina_sativa,0,,,,0,,0,,2,,2.5,,4.5,,,4.5,,5.5,,6.5,,,7.5,,,,,,,,,,,,,
138,2,MeJA,0.5mM,1,0,lineage I,Camelineae,Camelina_sativa,0,,,,0,,2,,2,,2.5,,4.5,,,4.5,,5.5,,6.5,,,8.5,,,,,,,,,,,,,
139,2,control,0.5mM,1,0,lineage I,Camelineae,Camelina_sativa,0,,,,0,,0,,2,,2.5,,4.5,,,4.5,,5.5,,6.5,,,8.5,,,,,,,,,,,,,
140,2,MeJA,0.5mM,1,0,lineage I,Camelineae,Camelina_sativa,0,,,,0,,2,,2,,2.5,,4.5,,,4.5,,5.5,,6.5,,,8.5,,,,,,,,,,,,,
141,2,control,0.5mM,1,0,lineage I,Camelineae,Camelina_sativa,0,,,,0,,2,,2,,2.5,,4,,,4,,4.5,,5.5,,,6.5,,,,,,,,,,,,,
142,2,MeJA,0.5mM,1,0,lineage I,Camelineae,Camelina_sativa,0,,,,0,,0,,2,,2.5,,4.5,,,4.5,,4.5,,5.5,,,7.5,,,,,,,,,,,,,
143,2,control,1mM,1,0,lineage I,Camelineae,Capsella_bursa-pastoris,0,,,,0,,2,,3,,4,,4.5,,,6,,7.5,,8,,,8.5,,,,,,,,,,,,,
144,2,MeJA,1mM,1,0,lineage I,Camelineae,Capsella_bursa-pastoris,0,,,,0,,2,,4,,4.5,,5.5,,,6.5,,7.5,,8.5,,,10.5,,,,,,,,,,,,,
145,2,control,1mM,1,0,lineage I,Camelineae,Capsella_bursa-pastoris,0,,,,0,,2,,4,,4.5,,6.5,,,6.5,,8.5,,8.5,,,2,,,,,,,,,,,,,
146,2,MeJA,1mM,1,0,lineage I,Camelineae,Capsella_bursa-pastoris,0,,,,0,,2,,3,,4,,5.5,,,5.5,,6,,7.5,,,8.5,,,,,,,,,,,,,
147,2,control,1mM,1,0,lineage I,Camelineae,Capsella_bursa-pastoris,0,,,,0,,2,,3,,4,,6.5,,,6.5,,7.5,,8.5,,,10.5,,,,,,,,,,,,,
148,2,MeJA,1mM,1,0,lineage I,Camelineae,Capsella_bursa-pastoris,0,,,,0,,2,,4,,4.5,,6.5,,,6.5,,8.5,,9.5,,,9.5,,,,,,,,,,,,,
149,2,control,1mM,1,0,lineage I,Camelineae,Capsella_bursa-pastoris,0,,,,0,,2,,3,,4,,6,,,6,,7.5,,7.5,,,8,,,,,,,,,,,,,
150,2,MeJA,1mM,1,0,lineage I,Camelineae,Capsella_bursa-pastoris,0,,,,0,,1,,3,,4,,6.5,,,6.5,,7.5,,8.5,,,10.5,,,,,,,,,,,,,
151,2,control,1mM,1,0,lineage I,Camelineae,Capsella_bursa-pastoris,0,,,,0,,2,,3,,4,,6,,,6,,7.5,,8.5,,,9.5,,,,,,,,,,,,,
152,2,MeJA,1mM,1,0,lineage I,Camelineae,Capsella_bursa-pastoris,0,,,,0,,0,,4,,4.5,,6,,,6,,7.5,,9.5,,,10.5,,,,,,,,,,,,,
153,2,control,1mM,1,0,lineage I,Camelineae,Capsella_bursa-pastoris,0,,,,0,,2,,3,,3,,5.5,,,5.5,,6.5,,7,,,9.5,,,,,,,,,,,,,
154,2,MeJA,1mM,1,0,lineage I,Camelineae,Capsella_bursa-pastoris,0,,,,0,,2,,2,,3.5,,5,,,5,,6,,7,,,7.5,,,,,,,,,,,,,
155,2,control,0.5-1mM,3,0,lineage II,Brassiceae,Brassica_oleracea_rivera,0,,,,0,,0,,1,,1,,2,,,2,,2,,2,,,2.5,,,,3.5,,,,,3.5,,,,
156,2,MeJA,0.5-1mM,3,0,lineage II,Brassiceae,Brassica_oleracea_rivera,0,,,,0,,0,,1,,2,,2,,,2.5,,2.5,,2.5,,,3.5,,,,3.5,,,,,3.5,,,,
157,2,control,0.5-1mM,3,0,lineage II,Brassiceae,Brassica_oleracea_rivera,0,,,,0,,0,,1,,1,,2,,,2,,2,,2,,,2.5,,,,2.5,,,,,3.5,,,,
158,2,MeJA,0.5-1mM,3,0,lineage II,Brassiceae,Brassica_oleracea_rivera,0,,,,0,,1,,2,,2,,2.5,,,2.5,,3,,3,,,3.5,,,,3.5,,,,,3.5,,,,
159,2,control,0.5-1mM,3,0,lineage II,Brassiceae,Brassica_oleracea_rivera,0,,,,0,,0,,1,,1,,2,,,4,,2,,2,,,2.5,,,,2.5,,,,,3.5,,,,
160,2,MeJA,0.5-1mM,3,0,lineage II,Brassiceae,Brassica_oleracea_rivera,0,,,,0,,1,,1,,2,,2.5,,,2.5,,3.5,,3.5,,,4,,,,4,,,,,4,,,,
161,2,control,0.5-1mM,3,0,lineage II,Brassiceae,Brassica_oleracea_rivera,0,,,,0,,0,,1,,2,,2.5,,,2.5,,3.5,,3,,,3.5,,,,3.5,,,,,3.5,,,,
162,2,MeJA,0.5-1mM,3,0,lineage II,Brassiceae,Brassica_oleracea_rivera,0,,,,0,,0,,0,,1,,2.5,,,2.5,,2.5,,2.5,,,3,,,,3,,,,,3,,,,
163,2,control,0.5-1mM,3,0,lineage II,Brassiceae,Brassica_oleracea_rivera,0,,,,0,,0,,1,,1,,2,,,2,,2,,2.5,,,2.5,,,,3.5,,,,,3.5,,,,
164,2,MeJA,0.5-1mM,3,0,lineage II,Brassiceae,Brassica_oleracea_rivera,0,,,,0,,0,,2,,2,,3,,,3,,3.5,,3.5,,,3.5,,,,3.5,,,,,3.5,,,,
165,2,control,0.5-1mM,3,0,lineage II,Brassiceae,Brassica_oleracea_rivera,0,,,,0,,0,,0,,1,,2,,,2,,2.5,,2,,,2.5,,,,2.5,,,,,3.5,,,,
166,2,MeJA,0.5-1mM,3,0,lineage II,Brassiceae,Brassica_oleracea_rivera,0,,,,0,,1,,1,,1,,2,,,2,,2.5,,2,,,2.5,,,,2.5,,,,,2.5,,,,
167,3,control,0,0,0,lineage II,Brassiceae,Brassica_oleracea_rivera,0,,,,0,,,,,2,,2.5,,,,,2.5,,2.5,,,,2.5,3,,3,,3,,,,3.5,,3.5,,
168,3,control,0,0,0,lineage II,Brassiceae,Brassica_oleracea_rivera,0,,,,0,,,,,1.5,,2.5,,,,,2.5,,3,,,,3.5,3.5,,3.5,,4,,,,4,,4,,
169,3,control,0,0,0,lineage II,Brassiceae,Brassica_oleracea_rivera,0,,,,0,,,,,1.5,,2.5,,,,,2.5,,2.5,,,,2.5,3.5,,3.5,,3.5,,,,4.5,,4.5,,
170,3,control,0,0,0,lineage II,Brassiceae,Brassica_oleracea_rivera,0,,,,0,,,,,2,,2,,,,,2.5,,2.5,,,,3,3.5,,3.5,,3.5,,,,3.5,,4.5,,
171,3,control,0,0,0,lineage II,Brassiceae,Brassica_oleracea_rivera,0,,,,0,,,,,2,,2.5,,,,,2.5,,2.5,,,,3,3.5,,3.5,,4,,,,4,,4.5,,
172,3,control,0,0,0,lineage II,Brassiceae,Brassica_oleracea_rivera,0,,,,0,,,,,1.5,,2.5,,,,,2.5,,2.5,,,,3,3.5,,3.5,,3.5,,,,3.5,,4,,
173,3,control,0,0,1,lineage II,Brassiceae,Brassica_oleracea_rivera,0,,,,0,,,,,2,,2.5,,,,,2.5,,3.5,,,,4.5,4.5,,5,,5.5,,,,6.5,,6.5,,
174,3,control,0,0,1,lineage II,Brassiceae,Brassica_oleracea_rivera,0,,,,0,,,,,2,,2.5,,,,,3.5,,4.5,,,,4.5,5.5,,5.5,,6.5,,,,6.5,,6.5,,
175,3,control,0,0,1,lineage II,Brassiceae,Brassica_oleracea_rivera,0,,,,0,,,,,1.5,,2,,,,,2.5,,4.5,,,,5.5,5.5,,5.5,,6.5,,,,6.5,,7.5,,
176,3,control,0,0,1,lineage II,Brassiceae,Brassica_oleracea_rivera,0,,,,0,,,,,1.5,,2.5,,,,,2.5,,1.5,,,,4.5,4.5,,5.5,,6.5,,,,6.5,,7.5,,
177,3,control,0,0,1,lineage II,Brassiceae,Brassica_oleracea_rivera,0,,,,0,,,,,1.5,,2,,,,,2.5,,3.5,,,,4.5,4.5,,4.5,,5.5,,,,6.5,,6.5,,
178,3,control,0,0,1,lineage II,Brassiceae,Brassica_oleracea_rivera,0,,,,0,,,,,1.5,,2.5,,,,,3.5,,3.5,,,,4.5,4.5,,5.5,,6.5,,,,6.5,,6.5,,
179,3,control,0,0,2,lineage II,Brassiceae,Brassica_oleracea_rivera,0,,,,0,,,,,2,,2.5,,,,,4.5,,4.5,,,,5.5,5.5,,5.5,,7.5,,,,7.5,,8.5,,
180,3,control,0,0,2,lineage II,Brassiceae,Brassica_oleracea_rivera,0,,,,0,,,,,2,,2.5,,,,,3.5,,4.5,,,,5,5.5,,5.5,,6.5,,,,7.5,,7.5,,
181,3,control,0,0,2,lineage II,Brassiceae,Brassica_oleracea_rivera,0,,,,0,,,,,2,,2.5,,,,,3.5,,4.5,,,,5.5,5.5,,6.5,,6.5,,,,7.5,,8.5,,
182,3,control,0,0,2,lineage II,Brassiceae,Brassica_oleracea_rivera,0,,,,0,,,,,1.5,,2,,,,,2.5,,3.5,,,,4.5,4.5,,5.5,,5.5,,,,6.5,,7.5,,
183,3,control,0,0,2,lineage II,Brassiceae,Brassica_oleracea_rivera,0,,,,0,,,,,2,,2.5,,,,,3.5,,4.5,,,,5.5,5.5,,6.5,,7.5,,,,7.5,,8.5,,
184,3,control,0,0,2,lineage II,Brassiceae,Brassica_oleracea_rivera,0,,,,0,,,,,1.5,,2.5,,,,,3.5,,4.5,,,,4.5,5.5,,5.5,,6.5,,,,7.5,,7.5,,
185,3,control,0,0,3,lineage II,Brassiceae,Brassica_oleracea_rivera,0,,,,0,,,,,1.5,,2.5,,,,,2.5,,3.5,,,,4.5,5.5,,5.5,,6.5,,,,7.5,,7.5,,
186,3,control,0,0,3,lineage II,Brassiceae,Brassica_oleracea_rivera,0,,,,0,,,,,2,,2.5,,,,,2.5,,3.5,,,,4.5,5.5,,5.5,,5.5,,,,6.5,,7.5,,
187,3,control,0,0,3,lineage II,Brassiceae,Brassica_oleracea_rivera,0,,,,0,,,,,2,,2.5,,,,,3.5,,4.5,,,,5.5,5.5,,5.5,,6.5,,,,7.5,,7.5,,
188,3,control,0,0,3,lineage II,Brassiceae,Brassica_oleracea_rivera,0,,,,0,,,,,2,,2.5,,,,,3.5,,4.5,,,,3,5.5,,6.5,,6.5,,,,7.5,,7.5,,
189,3,control,0,0,3,lineage II,Brassiceae,Brassica_oleracea_rivera,0,,,,0,,,,,2,,2.5,,,,,3.5,,3.5,,,,4.5,5.5,,5.5,,6.5,,,,7.5,,7.5,,
190,3,control,0,0,3,lineage II,Brassiceae,Brassica_oleracea_rivera,0,,,,0,,,,,2,,2.5,,,,,3.5,,4,,,,5.5,5.5,,5.5,,6.5,,,,7.5,,8,,
191,3,control,0,0,1,expanded lineage II,Cochlearieae,Cochlearia_officinalis,0,,,,0,,,,,1,,1.5,,,,,2,,2.5,,,,3.5,4.5,,4.5,,6.5,,,,7.5,,8.5,,9.5
192,3,control,0,0,1,expanded lineage II,Cochlearieae,Cochlearia_officinalis,0,,,,0,,,,,1,,2,,,,,3.5,,3.5,,,,5.5,6.5,,6.5,,7.5,,,,8.5,,10,,11.5
193,3,control,0,0,1,expanded lineage II,Cochlearieae,Cochlearia_officinalis,0,,,,0,,,,,1.5,,2,,,,,3.5,,4.5,,,,6,6,,6.5,,8,,,,9.5,,10.5,,11.5
194,3,control,0,0,1,expanded lineage II,Cochlearieae,Cochlearia_officinalis,0,,,,0,,,,,0.5,,2,,,,,2,,2.5,,,,3.5,4,,4,,4.5,,,,5,,5.5,,6.5
195,3,control,0,0,1,expanded lineage II,Cochlearieae,Cochlearia_officinalis,0,,,,0,,,,,1.5,,2,,,,,2.5,,3.5,,,,4.5,5,,5.5,,7.5,,,,8.5,,9.5,,11.5
196,3,control,0,0,1,expanded lineage II,Cochlearieae,Cochlearia_officinalis,0,,,,0,,,,,2,,2,,,,,3.5,,3.5,,,,4,4,,5,,6,,,,6.5,,7.5,,8.5
197,3,control,0,0,1,lineage II,Isatidae,Isatis_tinctoria,0,,,,0,,,,,2,,2,,,,,3,,3.5,,,,4.5,4.5,,5,,6,,,,6,,,,
198,3,control,0,0,1,lineage II,Isatidae,Isatis_tinctoria,0,,,,0,,,,,2,,2,,,,,3.5,,4,,,,4.5,4.5,,5.5,,6.5,,,,6.5,,,,
199,3,control,0,0,1,lineage II,Isatidae,Isatis_tinctoria,0,,,,0,,,,,2,,2,,,,,3.5,,4.5,,,,4.5,4.5,,5.5,,6.5,,,,6.5,,,,
200,3,control,0,0,1,lineage II,Isatidae,Isatis_tinctoria,0,,,,0,,,,,2,,2,,,,,3,,3.5,,,,4.5,4.5,,5.5,,6,,,,6.5,,,,
201,3,control,0,0,1,lineage II,Isatidae,Isatis_tinctoria,0,,,,0,,,,,2,,2.5,,,,,3.5,,4.5,,,,5.5,5.5,,5.5,,7,,,,7.5,,,,
202,3,control,0,0,1,lineage II,Isatidae,Isatis_tinctoria,0,,,,0,,,,,2,,2,,,,,3.5,,3.5,,,,4.5,5,,5.5,,6.5,,,,6.5,,,,
203,3,control,0,0,1,lineage I,Lepidieae,Lepidium_graminifolium,0,,,,0,,,,,2,,2.5,,,,,4.5,,5.5,,,,8.5,9.5,,11.5,,14.5,,,,,,,,
204,3,control,0,0,1,lineage I,Lepidieae,Lepidium_graminifolium,0,,,,0,,,,,2,,2.5,,,,,4.5,,6.5,,,,9.5,10,,12.5,,16.5,,,,,,,,
205,3,control,0,0,1,lineage I,Lepidieae,Lepidium_graminifolium,0,,,,0,,,,,2,,2.5,,,,,4.5,,5.5,,,,8.5,9.5,,11.5,,14.5,,,,,,,,
206,3,control,0,0,1,lineage I,Lepidieae,Lepidium_graminifolium,0,,,,0,,,,,2,,2.5,,,,,4.5,,6.5,,,,8.5,9.5,,11.5,,15.5,,,,,,,,
207,3,control,0,0,1,lineage I,Lepidieae,Lepidium_graminifolium,0,,,,0,,,,,2,,2.5,,,,,4.5,,5.5,,,,7.5,9.5,,11.5,,13.5,,,,,,,,
208,3,control,0,0,1,lineage I,Lepidieae,Lepidium_graminifolium,0,,,,0,,,,,2,,2.5,,,,,4.5,,5.5,,,,7.5,8.5,,10.5,,12.5,,,,,,,,
209,3,control,0,0,1,lineage II,Sisymbrieae,Sisymbrium_officinale,0,,,,0,,,,,1.5,,2,,,,,3.5,,4,,,,4.5,5.5,,5.5,,6,,,,6.5,,,,
210,3,control,0,0,1,lineage II,Sisymbrieae,Sisymbrium_officinale,0,,,,0,,,,,1.5,,2,,,,,3.5,,3.5,,,,4.5,5,,5.5,,5.5,,,,6.5,,,,
211,3,control,0,0,1,lineage II,Sisymbrieae,Sisymbrium_officinale,0,,,,0,,,,,1.5,,2,,,,,3.5,,4,,,,4.5,5,,5.5,,6.5,,,,6.5,,,,
212,3,control,0,0,1,lineage II,Sisymbrieae,Sisymbrium_officinale,0,,,,0,,,,,1.5,,2,,,,,3.5,,4,,,,5,5,,5.5,,6.5,,,,6.5,,,,
213,3,control,0,0,1,lineage II,Sisymbrieae,Sisymbrium_officinale,0,,,,0,,,,,1,,1.5,,,,,3,,3.5,,,,4,4.5,,5,,5.5,,,,6.5,,,,
214,3,control,0,0,1,lineage II,Sisymbrieae,Sisymbrium_officinale,0,,,,0,,,,,1.5,,2,,,,,3.5,,4,,,,4.5,5,,5.5,,6,,,,6.5,,,,
215,4,control,0,0,1,lineage II,Brassiceae,Brassica_oleraceae_uncoated,0,,,,0,,0.5,,1.5,,,,,2.5,,2.5,,,,3.5,3.5,,3.5,,,4.5,,4.5,,5.5,,,,,,
216,4,control,0,0,1,lineage II,Brassiceae,Brassica_oleraceae_uncoated,0,,,,0,,0.5,,1.5,,,,,2.5,,2.5,,,,4.5,9.5,,4.5,,,5.5,,6,,6.5,,,,,,
217,4,control,0,0,1,lineage II,Brassiceae,Brassica_oleraceae_uncoated,0,,,,0,,0.5,,1.5,,,,,2,,2,,,,2.5,2.5,,3.5,,,4.5,,5.5,,5.5,,,,,,
218,4,control,0,0,1,lineage II,Brassiceae,Brassica_oleraceae_uncoated,0,,,,0,,0.5,,1.5,,,,,2.5,,2.5,,,,4.5,4.5,,4.5,,,5.5,,6.5,,6.5,,,,,,
219,4,control,0,0,1,lineage II,Brassiceae,Brassica_oleraceae_uncoated,0,,,,0,,0.5,,1.5,,,,,2.5,,2.5,,,,4.5,4.5,,5.5,,,5.5,,6.5,,7.5,,,,,,
220,4,control,0,0,1,lineage II,Brassiceae,Brassica_oleraceae_uncoated,0,,,,0,,0.5,,1.5,,,,,2.5,,2.5,,,,4.5,4.5,,4.5,,,5.5,,6.5,,6.5,,,,,,
221,4,control,0,0,1,lineage I,Erysimae,Erysium_cheirantoides,0,,,,0,,2.5,,3.5,,,,,6.5,,9.5,,,,13,13,,15.5,,,17,,,,,,,,,,
222,4,control,0,0,1,lineage I,Erysimae,Erysium_cheirantoides,0,,,,0,,2.5,,4,,,,,7.5,,9.5,,,,13.5,13.5,,15.5,,,16,,,,,,,,,,
223,4,control,0,0,1,lineage I,Erysimae,Erysium_cheirantoides,0,,,,0,,2,,2.5,,,,,6.5,,7.5,,,,11.5,11.5,,12.5,,,16,,,,,,,,,,
224,4,control,0,0,1,lineage I,Erysimae,Erysium_cheirantoides,0,,,,0,,2,,2.5,,,,,5.5,,7.5,,,,10,10,,12.5,,,16,,,,,,,,,,
225,4,control,0,0,1,lineage I,Erysimae,Erysium_cheirantoides,0,,,,0,,2,,2.5,,,,,5.5,,7.5,,,,11,11,,12.5,,,17,,,,,,,,,,
226,4,control,0,0,1,lineage I,Erysimae,Erysium_cheirantoides,,,,,,,,,,,,,,,,,,,,,,,,,,,,,,,,,,,,
227,4,control,0,0,1,lineage I,Malcolmieae,Malcomia_maritima,0,,,,0,,2,,2.5,,,,,4.5,,6,,,,7.5,8.5,,9.5,,,12.5,,,,,,,,,,
228,4,control,0,0,1,lineage I,Malcolmieae,Malcomia_maritima,0,,,,0,,2,,2.5,,,,,5,,6,,,,8.5,8.5,,9.5,,,10.5,,,,,,,,,,
229,4,control,0,0,1,lineage I,Malcolmieae,Malcomia_maritima,0,,,,0,,2,,2.5,,,,,4.5,,5.5,,,,7.5,7.5,,9,,,10.5,,,,,,,,,,
230,4,control,0,0,1,lineage I,Malcolmieae,Malcomia_maritima,0,,,,0,,2,,2.5,,,,,4.5,,6.5,,,,7.5,8,,9.5,,,11,,,,,,,,,,
231,4,control,0,0,1,lineage I,Malcolmieae,Malcomia_maritima,0,,,,0,,2,,2.5,,,,,4.5,,5.5,,,,7.5,8.5,,9.5,,,11.5,,,,,,,,,,
232,4,control,0,0,1,lineage I,Malcolmieae,Malcomia_maritima,0,,,,0,,2,,2.5,,,,,4,,5.5,,,,6.5,7.5,,8.5,,,9.5,,,,,,,,,,
233,4,control,0,0,1,lineage II,Eutremea,Schrenkiella_parvula,0,,,,0,,0.5,,1,,,,,3,,3.5,,,,5.5,5.5,,6.5,,,7.5,,8.5,,,,,,,,
234,4,control,0,0,1,lineage II,Eutremea,Schrenkiella_parvula,0,,,,0,,0.5,,2,,,,,3,,4,,,,4.5,5.5,,6.5,,,7.5,,8.5,,,,,,,,
235,4,control,0,0,1,lineage II,Eutremea,Schrenkiella_parvula,0,,,,0,,0.5,,2,,,,,4,,4.5,,,,5.5,6.5,,7.5,,,8.5,,9.5,,,,,,,,
236,4,control,0,0,1,lineage II,Eutremea,Schrenkiella_parvula,0,,,,0,,0.5,,1,,,,,3,,3,,,,4.5,4.5,,5,,,5.5,,7.5,,,,,,,,
237,4,control,0,0,1,lineage II,Eutremea,Schrenkiella_parvula,0,,,,0,,1,,2,,,,,4,,4.5,,,,6,6.5,,7.5,,,8.5,,9.5,,,,,,,,
238,4,control,0,0,1,lineage II,Eutremea,Schrenkiella_parvula,0,,,,0,,2,,2,,,,,4,,4.5,,,,5.5,6.5,,7.5,,,8.5,,9.5,,,,,,,,
239,4,control,0,0,1,lineage II,Brassiceae,Sinapis_alba,0,,,,0,,1.5,,2.5,,,,,4,,4.5,,,,6.5,6.5,,7,,,8,,12,,,,,,,,
240,4,control,0,0,1,lineage II,Brassiceae,Sinapis_alba,0,,,,0,,1.5,,2,,,,,3.5,,3.5,,,,4.5,5.5,,6,,,6,,9,,,,,,,,
241,4,control,0,0,1,lineage II,Brassiceae,Sinapis_alba,0,,,,0,,1.5,,2,,,,,3.5,,4,,,,4.5,5.5,,6,,,6,,9,,,,,,,,
242,4,control,0,0,1,lineage II,Brassiceae,Sinapis_alba,0,,,,0,,1.5,,2,,,,,3.5,,4,,,,4.5,5.5,,5.5,,,6,,10,,,,,,,,
243,4,control,0,0,1,lineage II,Brassiceae,Sinapis_alba,0,,,,0,,1.5,,2,,,,,3,,4,,,,4.5,5.5,,5.5,,,6,,8,,,,,,,,
244,4,control,0,0,1,lineage II,Brassiceae,Sinapis_alba,0,,,,0,,1.5,,2,,,,,3.5,,4,,,,5.5,5.5,,5.5,,,6,,9,,,,,,,,
245,5,control,0,0,1,lineage II,Brassiceae,Brassica_oleracea_rivera,0,,,,0,0.5,,0.5,,,1.5,,2.5,,2.5,,,3.5,,,3.5,,4.5,,,4.5,,5.5,,5.5,6.5,6.5,,,,
246,5,control,0,0,1,lineage II,Brassiceae,Brassica_oleracea_rivera,0,,,,0,0.5,,0.5,,,1.5,,2.5,,2.5,,,3.5,,,4.5,,4.5,,,5.5,,5.5,,5.5,6.5,7.5,,,,
247,5,control,0,0,1,lineage II,Brassiceae,Brassica_oleracea_rivera,0,,,,0,0.5,,1.5,,,2,,2.5,,2.5,,,3.5,,,4.5,,4.5,,,5.5,,5.5,,5.5,6.5,7.5,,,,
248,5,control,0,0,1,lineage II,Brassiceae,Brassica_oleracea_rivera,0,,,,0,0.5,,1.5,,,2,,2.5,,2.5,,,3.5,,,4.5,,4.5,,,5.5,,5.5,,5.5,6.5,7.5,,,,
249,5,control,0,0,1,lineage II,Brassiceae,Brassica_oleracea_rivera,0,,,,0,0.5,,1.5,,,2,,2.5,,2.5,,,3.5,,,4.5,,4.5,,,5.5,,5.5,,5.5,6.5,6.5,,,,
250,5,control,0,0,1,lineage II,Brassiceae,Brassica_oleracea_rivera,0,,,,0,0.5,,1.5,,,2,,2.5,,2.5,,,4.5,,,4.5,,4.5,,,5.5,,6.5,,5.5,7.5,7.5,,,,
251,5,control,0,0,1,lineage I,Descurainieae,Descurainia_sophia,0,,,,0,0.5,,2.5,,,2.5,,3,,4.5,,,5.5,,,6.5,,7,,,9.5,,10.5,,,,,,,,
252,5,control,0,0,1,lineage I,Descurainieae,Descurainia_sophia,0,,,,0,0.5,,2.5,,,2.5,,3.5,,4.5,,,6.5,,,7,,7.5,,,8.5,,11.5,,,,,,,,
253,5,control,0,0,1,lineage I,Descurainieae,Descurainia_sophia,0,,,,0,0.5,,2.5,,,2.5,,3,,3.5,,,5.5,,,6.5,,7.5,,,9.5,,10.5,,,,,,,,
254,5,control,0,0,1,lineage I,Descurainieae,Descurainia_sophia,0,,,,0,0.5,,0.5,,,2.5,,2.5,,3.5,,,4.5,,,5.5,,6.5,,,8.5,,10.5,,,,,,,,
255,5,control,0,0,1,lineage I,Descurainieae,Descurainia_sophia,0,,,,0,0.5,,2.5,,,2.5,,2.5,,3.5,,,4.5,,,6,,6.5,,,8.5,,8.5,,,,,,,,
256,5,control,0,0,1,lineage I,Descurainieae,Descurainia_sophia,0,,,,0,0.5,,2.5,,,2.5,,3.5,,4.5,,,5.5,,,6.5,,7.5,,,10.5,,11.5,,,,,,,,
257,5,control,0,0,1,lineage II,Brassiceae,Diplotaxis_tenuifolia,0,,,,0,0.5,,0.5,,,1.5,,2,,2.5,,,2.5,,,4,,4.5,,,5.5,,6.5,,7.5,8.5,,,,,
258,5,control,0,0,1,lineage II,Brassiceae,Diplotaxis_tenuifolia,0,,,,0,0.5,,1,,,2,,2.5,,3,,,4.5,,,5,,6,,,7.5,,8.5,,9.5,10.5,,,,,
259,5,control,0,0,1,lineage II,Brassiceae,Diplotaxis_tenuifolia,0,,,,0,0.5,,1,,,2,,2.5,,3,,,3.5,,,4.5,,5.5,,,6.5,,7.5,,7.5,8.5,,,,,
260,5,control,0,0,1,lineage II,Brassiceae,Diplotaxis_tenuifolia,0,,,,0,0.5,,1,,,2,,2,,2.5,,,3.5,,,4,,4.5,,,5.5,,6.5,,7.5,8.5,,,,,
261,5,control,0,0,1,lineage II,Brassiceae,Diplotaxis_tenuifolia,0,,,,0,0.5,,0.5,,,2,,2,,2.5,,,3.5,,,4.5,,5,,,6,,7.5,,7.5,8.5,,,,,
262,5,control,0,0,1,lineage II,Brassiceae,Diplotaxis_tenuifolia,0,,,,0,0,,0.5,,,1.5,,2,,2.5,,,3.5,,,4,,4.5,,,5.5,,6.5,,7.5,8.5,,,,,
263,5,control,0,0,1,lineage II,Brassiceae,Diplotaxis_tenuifolia,0,,,,0,0.5,,2,,,2.5,,3.5,,4.5,,,6.5,,,7.5,,8.5,,,10,,12.5,,,,,,,,
264,5,control,0,0,1,lineage II,Brassiceae,Hirschfeldia_incana,0,,,,0,0.5,,1.5,,,2.5,,2.5,,3.5,,,4,,,4.5,,5.5,,,6,,6.5,,,,,,,,
265,5,control,0,0,1,lineage II,Brassiceae,Hirschfeldia_incana,0,,,,0,0.5,,1.5,,,2,,2.5,,3.5,,,4,,,4.5,,5,,,5.5,,6.5,,,,,,,,
266,5,control,0,0,1,lineage II,Brassiceae,Hirschfeldia_incana,0,,,,0,0.5,,2,,,2.5,,3,,3.5,,,4.5,,,4.5,,5.5,,,6,,6.5,,,,,,,,
267,5,control,0,0,1,lineage II,Brassiceae,Hirschfeldia_incana,0,,,,0,0,,0.5,,,2,,2.5,,3,,,3.5,,,4.5,,4.5,,,5.5,,6,,,,,,,,
268,5,control,0,0,1,lineage II,Brassiceae,Hirschfeldia_incana,0,,,,0,0.5,,1.5,,,2,,2.5,,3.5,,,4,,,4.5,,5,,,6,,6.5,,,,,,,,
269,5,control,0,0,1,lineage II,Brassiceae,Hirschfeldia_incana,0,,,,0,0.5,,2,,,2.5,,3.5,,3.5,,,3.5,,,5,,5.5,,,6.5,,7.5,,,,,,,,
270,5,control,0,0,1,expanded lineage II,Iberideae,Iberis_amara,0,,,,0,0,,0,,,0.5,,0.5,,2,,,2.5,,,4.5,,4.5,,,5.5,,6.5,,7.5,9.5,10.5,,,,
271,5,control,0,0,1,expanded lineage II,Iberideae,Iberis_amara,0,,,,0,0,,0,,,0.5,,2,,2.5,,,3.5,,,4.5,,4.5,,,5.5,,6.5,,9.5,9.5,11.5,,,,
272,5,control,0,0,1,expanded lineage II,Iberideae,Iberis_amara,0,,,,0,0,,0,,,0.5,,0.5,,2.5,,,2.5,,,4,,4.5,,,5.5,,6.5,,8,9.5,11.5,,,,
273,5,control,0,0,1,expanded lineage II,Iberideae,Iberis_amara,0,,,,0,0,,0,,,0.5,,0.5,,2,,,2.5,,,4,,4.5,,,5.5,,6.5,,7.5,8.5,10.5,,,,
274,5,control,0,0,1,expanded lineage II,Iberideae,Iberis_amara,,,,,,,,,,,,,,,,,,,,,,,,,,,,2.5,,2.5,4,4.5,,,,
275,5,control,0,0,1,expanded lineage II,Iberideae,Iberis_amara,,,,,,,,,,,,,,,,,,,,,,,,,,,,,,,,,,,,
276,5,control,0,0,1,lineage I,Lepidieae,Lepidium_ruderale,0,,,,0,0.5,,1.5,,,2.5,,2.5,,4.5,,,5.5,,,6.5,,7.5,,,8.5,,10.5,,,,,,,,
277,5,control,0,0,1,lineage I,Lepidieae,Lepidium_ruderale,0,,,,0,0.5,,2,,,2.5,,4.5,,5.5,,,6.5,,,7,,7.5,,,11.5,,13.5,,,,,,,,
278,5,control,0,0,1,lineage I,Lepidieae,Lepidium_ruderale,0,,,,0,0.5,,2,,,2.5,,3.5,,4.5,,,6.5,,,7.5,,8.5,,,10.5,,12.5,,,,,,,,
279,5,control,0,0,1,lineage I,Lepidieae,Lepidium_ruderale,0,,,,0,0.5,,1.5,,,2.5,,3.5,,4,,,5.5,,,6.5,,7.5,,,10.5,,11.5,,,,,,,,
280,5,control,0,0,1,lineage I,Lepidieae,Lepidium_ruderale,0,,,,0,0.5,,2,,,2.5,,3.5,,4.5,,,6.5,,,7.5,,8.5,,,11.5,,13.5,,,,,,,,
281,5,control,0,0,1,lineage I,Lepidieae,Lepidium_ruderale,,,,,,,,,,,,,,,,,,,,,,,,,,,,,,,,,,,,
286,6,control,0,0,1,lineage II,Brassiceae,Brassica_oleracea_rivera,0,,,,0,0.5,,1.5,,,2,,2.5,,2.5,,,4,,6.5,,8.5,,9,,10.5,,,,,,,,,,
287,6,control,0,0,1,lineage II,Brassiceae,Brassica_oleracea_rivera,0,,,,0,0.5,,0.5,,,1.5,,2,,2.5,,,2.5,,4.5,,4.5,,5.5,,,,,,,,,,,,
288,6,control,0,0,1,lineage II,Brassiceae,Brassica_oleracea_rivera,0,,,,0,0.5,,0.5,,,1.5,,2.5,,2.5,,,3.5,,4.5,,4.5,,5.5,,,,,,,,,,,,
289,6,control,0,0,1,lineage II,Brassiceae,Brassica_oleracea_rivera,0,,,,0,0.5,,1.5,,,2,,2.5,,2.5,,,3.5,,4.5,,4.5,,5.5,,,,,,,,,,,,
290,6,control,0,0,1,lineage II,Brassiceae,Brassica_oleracea_rivera,0,,,,0,0.5,,0.5,,,,,,,,,,,,,,,,,,,,,,,,,,,,
291,6,control,0,0,1,lineage II,Brassiceae,Brassica_oleracea_rivera,0,,,,0,0.5,,1.5,,,2,,2.5,,2.5,,,3.5,,3.5,,4.5,,5.5,,,,,,,,,,,,
292,6,control,0,0,1,lineage I,Camelineae,Arabidopsis_thaliana,0,,,,0,2,,2,,,2.5,,4.5,,5.5,,,6.5,,7.5,,8.5,,9,,,,,,,,,,,,
293,6,control,0,0,1,lineage I,Camelineae,Arabidopsis_thaliana,0,,,,0,2,,2.5,,,2,,5.5,,6.5,,,8.5,,9.5,,10.5,,12,,,,,,,,,,,,
294,6,control,0,0,1,lineage I,Camelineae,Arabidopsis_thaliana,0,,,,0,2,,2,,,3.5,,5.5,,6.5,,,8.5,,7.5,,10.5,,11,,,,,,,,,,,,
295,6,control,0,0,1,lineage I,Camelineae,Arabidopsis_thaliana,0,,,,0,2,,2.5,,,3.5,,5.5,,5.5,,,7.5,,7.5,,9,,12,,,,,,,,,,,,
296,6,control,0,0,1,lineage I,Camelineae,Arabidopsis_thaliana,0,,,,0,2,,2.5,,,4.5,,5.5,,6.5,,,8.5,,8.5,,9,,11,,,,,,,,,,,,
297,6,control,0,0,1,lineage I,Camelineae,Arabidopsis_thaliana,0,,,,0,2,,2,,,3.5,,5.5,,6,,,8.5,,9.5,,10.5,,11.5,,,,,,,,,,,,
298,6,control,0,0,1,expanded lineage II,Anastaticeae,Lobularia_maritima,0,,,,0,0.5,,2,,,2.5,,4,,4,,,6,,4.5,,4.5,,5.5,,,,,,,,,,,,
299,6,control,0,0,1,expanded lineage II,Anastaticeae,Lobularia_maritima,0,,,,0,2,,2,,,4.5,,4.5,,5.5,,,7.5,,9.5,,10.5,,11.5,,11.5,,,,,,,,,,
300,6,control,0,0,1,expanded lineage II,Anastaticeae,Lobularia_maritima,0,,,,0,0.5,,2,,,2.5,,4,,4.5,,,6.5,,8.5,,9.5,,10.5,,10.5,,,,,,,,,,
301,6,control,0,0,1,expanded lineage II,Anastaticeae,Lobularia_maritima,0,,,,0,0.5,,2,,,2.5,,3.5,,4.5,,,5.5,,7.5,,8.5,,10.5,,11.5,,,,,,,,,,
302,6,control,0,0,1,expanded lineage II,Anastaticeae,Lobularia_maritima,0,,,,0,0.5,,2,,,2.5,,4,,4.5,,,6.5,,7.5,,8.5,,10.5,,11.5,,,,,,,,,,
303,6,control,0,0,1,expanded lineage II,Anastaticeae,Lobularia_maritima,0,,,,0,0.5,,2,,,2,,3.5,,4,,,6,,6.5,,8.5,,10.5,,10.5,,,,,,,,,,
304,6,control,0,0,1,lineage II,Sisymbrieae,Sysimbrium_irio,0,,,,0,0.5,,2,,,2,,2.5,,3.5,,,4,,4.5,,5.5,,6,,,,,,,,,,,,
305,6,control,0,0,1,lineage II,Sisymbrieae,Sysimbrium_irio,0,,,,0,0,,0,,,,,,,,,,,,,,,,,,,,,,,,,,,,
306,6,control,0,0,1,lineage II,Sisymbrieae,Sysimbrium_irio,0,,,,0,0.5,,0.5,,,2,,2.5,,3.5,,,4,,7.5,,5,,6,,,,,,,,,,,,
307,6,control,0,0,1,lineage II,Sisymbrieae,Sysimbrium_irio,0,,,,0,0.5,,2,,,2,,2.5,,3.5,,,4.5,,4.5,,5.5,,6.5,,,,,,,,,,,,
308,6,control,0,0,1,lineage II,Sisymbrieae,Sysimbrium_irio,0,,,,0,0.5,,1.5,,,2,,2.5,,3.5,,,4,,4.5,,5,,5.5,,,,,,,,,,,,
309,6,control,0,0,1,lineage II,Sisymbrieae,Sysimbrium_irio,0,,,,0,0,,0.5,,,2,,2.5,,2.5,,,3.5,,4,,4.5,,5.5,,,,,,,,,,,,
310,7,control,0,0,1,lineage II,Brassiceae,Brassica_oleracea_rivera,0,,,,,0.5,,,1,,,2,2.5,,,2.5,,,3.5,,4.5,4.5,,,,,5.5,,,6.5,,,6.5,,,
311,7,control,0,0,1,lineage II,Brassiceae,Brassica_oleracea_rivera,0,,,,,0.5,,,1.5,,,2.5,2.5,,,3.5,,,4.5,,4.5,4.5,,,,,5.5,,,6.5,,,6.5,,,
312,7,control,0,0,1,lineage II,Brassiceae,Brassica_oleracea_rivera,0,,,,,0.5,,,1,,,2,2.5,,,2.5,,,3.5,,4.5,4.5,,,,,5.5,,,6.5,,,6.5,,,
313,7,control,0,0,1,lineage II,Brassiceae,Brassica_oleracea_rivera,0,,,,,0.5,,,1,,,2,2,,,2.5,,,3.5,,4.5,4.5,,,,,5.5,,,5.5,,,6.5,,,
314,7,control,0,0,1,lineage II,Brassiceae,Brassica_oleracea_rivera,0,,,,,0.5,,,1.5,,,2.5,2.5,,,2.5,,,3.5,,4.5,4.5,,,,,5.5,,,5.5,,,6.5,,,
315,7,control,0,0,1,lineage II,Brassiceae,Brassica_oleracea_rivera,0,,,,,0.5,,,1.5,,,2.5,2.5,,,2.5,,,4.5,,4.5,4.5,,,,,5.5,,,6.5,,,6.5,,,
316,7,control,0,0,1,lineage I,Camelineae,Camelina_sativa_crop,0,,,,,0.5,,,2,,,2.5,3.5,,,4.5,,,5.5,,6.5,7.5,,,,,10.5,,,12.5,,,,,,
317,7,control,0,0,1,lineage I,Camelineae,Camelina_sativa_crop,0,,,,,0.5,,,2,,,2.5,3.5,,,4.5,,,5.5,,6.5,7.5,,,,,9.5,,,10.5,,,,,,
318,7,control,0,0,1,lineage I,Camelineae,Camelina_sativa_crop,0,,,,,0.5,,,2,,,2.5,3.5,,,4.5,,,5.5,,6.5,7.5,,,,,10.5,,,11.5,,,,,,
319,7,control,0,0,1,lineage I,Camelineae,Camelina_sativa_crop,0,,,,,0.5,,,2,,,2.5,3.5,,,4.5,,,5.5,,6.5,6.5,,,,,8.5,,,10.5,,,,,,
320,7,control,0,0,1,lineage I,Camelineae,Camelina_sativa_crop,0,,,,,0.5,,,2,,,2.5,2.5,,,4.5,,,5.5,,6.5,6.5,,,,,9.5,,,10.5,,,,,,
321,7,control,0,0,1,lineage I,Camelineae,Camelina_sativa_crop,0,,,,,0.5,,,2,,,2.5,2.5,,,4.5,,,5.5,,6.5,6.5,,,,,9.5,,,10.5,,,,,,
322,7,control,0,0,1,lineage I,Descurainieae,Descurainia_tetraploid,0,,,,,0.5,,,2,,,2.5,3,,,4.5,,,5.5,,6.5,7.5,,,,,9.5,,,11.5,,,,,,
323,7,control,0,0,1,lineage I,Descurainieae,Descurainia_tetraploid,0,,,,,0.5,,,2,,,2.5,3,,,4.5,,,5.5,,6.5,7.5,,,,,9.5,,,10.5,,,,,,
324,7,control,0,0,1,lineage I,Descurainieae,Descurainia_tetraploid,0,,,,,0.5,,,2,,,3,3,,,4.5,,,5.5,,6.5,7.5,,,,,9.5,,,12.5,,,,,,
325,7,control,0,0,1,lineage I,Descurainieae,Descurainia_tetraploid,0,,,,,0.5,,,2,,,2.5,2.5,,,3.5,,,4.5,,5.5,6.5,,,,,8.5,,,10.5,,,,,,
326,7,control,0,0,1,lineage I,Descurainieae,Descurainia_tetraploid,0,,,,,0.5,,,2,,,2.5,3,,,4.5,,,5.5,,6.5,6.5,,,,,9.5,,,10.5,,,,,,
327,7,control,0,0,1,lineage I,Descurainieae,Descurainia_tetraploid,0,,,,,0.5,,,2,,,2.5,3,,,4.5,,,5.5,,6.5,7.5,,,,,9.5,,,11.5,,,,,,
328,7,control,0,0,1,lineage I,Erysimae,Erysium_cheiri,0,,,,,0.5,,,2,,,2.5,2.5,,,3.5,,,4.5,,5.5,6.5,,,,,7.5,,,8.5,,,9.5,,,
329,7,control,0,0,1,lineage I,Erysimae,Erysium_cheiri,0,,,,,0,,,0.5,,,2.5,2.5,,,3.5,,,4.5,,5.5,5.5,,,,,7.5,,,8.5,,,9.5,,,
330,7,control,0,0,1,lineage I,Erysimae,Erysium_cheiri,0,,,,,0,,,0.5,,,2.5,2.5,,,3.5,,,4.5,,5.5,5.5,,,,,7.5,,,8.5,,,9.5,,,
331,7,control,0,0,1,lineage I,Erysimae,Erysium_cheiri,0,,,,,0,,,0.5,,,2.5,2.5,,,2.5,,,4.5,,5.5,5.5,,,,,7.5,,,8.5,,,8.5,,,
332,7,control,0,0,1,lineage I,Erysimae,Erysium_cheiri,0,,,,,0.5,,,0.5,,,2.5,2.5,,,3.5,,,4.5,,5.5,5.5,,,,,6.5,,,7.5,,,8.5,,,
333,7,control,0,0,1,lineage I,Erysimae,Erysium_cheiri,0,,,,,0,,,0.5,,,2.5,2.5,,,2.5,,,4.5,,5.5,5.5,,,,,7.5,,,8.5,,,8.5,,,
340,8,control,0,0,1,lineage II,Brassiceae,Brassica_oleracea_rivera,0,,,,,0.5,,,1.5,,,2.5,,2.5,2.5,,,,,4.5,,,4.5,,,5.5,,6.5,6.5,,,,7.5,,,
341,8,control,0,0,1,lineage II,Brassiceae,Brassica_oleracea_rivera,0,,,,,0.5,,,1.5,,,2.5,,2.5,2.5,,,,,3.5,,,4.5,,,5.5,,5.5,6.5,,,,6.5,,,
342,8,control,0,0,1,lineage II,Brassiceae,Brassica_oleracea_rivera,0,,,,,0.5,,,1.5,,,2.5,,2.5,2.5,,,,,3.5,,,4.5,,,5.5,,6.5,6.5,,,,6.5,,,
343,8,control,0,0,1,lineage II,Brassiceae,Brassica_oleracea_rivera,0,,,,,0.5,,,1.5,,,2.5,,2.5,2.5,,,,,3.5,,,4.5,,,5.5,,6.5,6.5,,,,7.5,,,
344,8,control,0,0,1,lineage II,Brassiceae,Brassica_oleracea_rivera,0,,,,,0.5,,,1.5,,,2.5,,2.5,2.5,,,,,4.5,,,5.5,,,5.5,,6.5,6.5,,,,7.5,,,
345,8,control,0,0,1,lineage II,Brassiceae,Brassica_oleracea_rivera,0,,,,,0.5,,,1.5,,,2.5,,2.5,2.5,,,,,3.5,,,4.5,,,5.5,,5.5,6.5,,,,6.5,,,
346,8,control,0,0,1,Fabaceae,Fabeae,Pisum_sativum,0,,,,,,,,3,,,4.5,,4.5,5.5,,,,,6.5,,,7.5,,,8.5,,,,,,,,,,
347,8,control,0,0,1,Fabaceae,Fabeae,Pisum_sativum,0,,,,,,,,3,,,4.5,,5.5,5.5,,,,,6.5,,,7.5,,,8.5,,,,,,,,,,
348,8,control,0,0,1,Fabaceae,Fabeae,Pisum_sativum,0,,,,,,,,3,,,4.5,,5.5,6.5,,,,,7.5,,,8.5,,,9.5,,,,,,,,,,
349,8,control,0,0,1,Fabaceae,Fabeae,Pisum_sativum,0,,,,,,,,3,,,4.5,,4.5,5.5,,,,,6.5,,,7.5,,,8.5,,,,,,,,,,
350,8,control,0,0,1,Fabaceae,Fabeae,Pisum_sativum,0,,,,,,,,2,,,4.5,,5.5,5.5,,,,,6.5,,,7.5,,,8.5,,,,,,,,,,
351,8,control,0,0,1,Fabaceae,Fabeae,Pisum_sativum,0,,,,,,,,3,,,4.5,,5.5,5.5,,,,,6.5,,,7.5,,,8.5,,,,,,,,,,
352,8,control,0,0,1,Fabaceae,Trifolieae,Medicago_trunculata,0,,,,,0.5,,,1.5,,,2.5,,3.5,3.5,,,,,4.5,,,5.5,,,7.5,,8.5,,,,,,,,
353,8,control,0,0,1,Fabaceae,Trifolieae,Medicago_trunculata,0,,,,,1,,,1.5,,,2.5,,3.5,3.5,,,,,4.5,,,6.5,,,8.5,,10.5,,,,,,,,
354,8,control,0,0,1,Fabaceae,Trifolieae,Medicago_trunculata,0,,,,,1.5,,,2,,,3,,3.5,3.5,,,,,4.5,,,5.5,,,7.5,,8.5,,,,,,,,
355,8,control,0,0,1,Fabaceae,Trifolieae,Medicago_trunculata,0,,,,,1,,,2,,,2.5,,4.5,4.5,,,,,5.5,,,7.5,,,10.5,,13,,,,,,,,
356,8,control,0,0,1,Fabaceae,Trifolieae,Medicago_trunculata,0,,,,,1.5,,,1.5,,,2.5,,2.5,3.5,,,,,4.5,,,5.5,,,7.5,,8.5,,,,,,,,
357,8,control,0,0,1,Fabaceae,Trifolieae,Medicago_trunculata,0,,,,,1,,,1.5,,,2.5,,3.5,3.5,,,,,4.5,,,5.5,,,9.5,,12.5,,,,,,,,
358,8,control,0,0,1,Solanaceae,Solaneae,Solanum_lycopersicum,0,,,,,1,,,1.5,,,2,,2.5,2.5,,,,,3.5,,,4.5,,,5.5,,5.5,6.5,,,,7.5,,,
359,8,control,0,0,1,Solanaceae,Solaneae,Solanum_lycopersicum,0,,,,,1.5,,,1.5,,,2,,2,2.5,,,,,2.5,,,3.5,,,4.5,,5.5,6.5,,,,6.5,,,
360,8,control,0,0,1,Solanaceae,Solaneae,Solanum_lycopersicum,0,,,,,0.5,,,1.5,,,2.5,,3.5,3.5,,,,,4.5,,,5.5,,,6.5,,7.5,8.5,,,,8.5,,,
361,8,control,0,0,1,Solanaceae,Solaneae,Solanum_lycopersicum,0,,,,,1.5,,,1.5,,,2,,2,2.5,,,,,3.5,,,3.5,,,4.5,,5.5,5.5,,,,6.5,,,
362,8,control,0,0,1,Solanaceae,Solaneae,Solanum_lycopersicum,0,,,,,1.5,,,1.5,,,2,,2.5,3.5,,,,,4.5,,,4.5,,,5.5,,6.5,7.5,,,,8.5,,,
363,8,control,0,0,1,Solanaceae,Solaneae,Solanum_lycopersicum,0,,,,,0.5,,,1.5,,,2,,2.5,2.5,,,,,3.5,,,3.5,,,4.5,,5.5,5.5,,,,6.5,,,
364,8,control,0,0,1,Solanaceae,Nicotianeae,Nicotiania_benthamiana,0,,,,,0.5,,,0.5,,,1.5,,2.5,2.5,,,,,3.5,,,4.5,,,6.5,,6.5,7.5,,,,8.5,,,
365,8,control,0,0,1,Solanaceae,Nicotianeae,Nicotiania_benthamiana,0,,,,,0,,,1,,,1.5,,2.5,3,,,,,4.5,,,4.5,,,5.5,,6.5,7.5,,,,8.5,,,
366,8,control,0,0,1,Solanaceae,Nicotianeae,Nicotiania_benthamiana,0,,,,,0.5,,,0.5,,,1.5,,2.5,2.5,,,,,3.5,,,4.5,,,4.5,,6.5,6.5,,,,7.5,,,
367,8,control,0,0,1,Solanaceae,Nicotianeae,Nicotiania_benthamiana,0,,,,,0,,,0.5,,,1.5,,1.5,2,,,,,2.5,,,3,,,4.5,,4.5,5.5,,,,6.5,,,
368,8,control,0,0,1,Solanaceae,Nicotianeae,Nicotiania_benthamiana,,,,,,,,,,,,,,,,,,,,,,,,,,,,2.5,2.5,,,,3.5,,,
369,8,control,0,0,1,Solanaceae,Nicotianeae,Nicotiania_benthamiana,0,,,,,0.5,,,0.5,,,1.5,,2.5,2.5,,,,,4.5,,,4.5,,,5.5,,6.5,7.5,,,,8.5,,,
370,8,control,0,0,1,lineage II,Brassiceae,Brassica_oleracea_kimmeridge,0,,,,,0.5,,,1.5,,,2,,2,2.5,,,,,3.5,,,3.5,,,4.5,,4.5,5.5,,,,5.5,,,5.5
371,8,control,0,0,1,lineage II,Brassiceae,Brassica_oleracea_kimmeridge,0,,,,,0,,,1.5,,,1.5,,1.5,2.5,,,,,2.5,,,2.5,,,3.5,,3.5,4,,,,4.5,,,4.5
372,8,control,0,0,1,lineage II,Brassiceae,Brassica_oleracea_kimmeridge,0,,,,,0,,,0.5,,,1.5,,1.5,2,,,,,2.5,,,2.5,,,3.5,,4.5,4.5,,,,5,,,5.5
373,8,control,0,0,1,lineage II,Brassiceae,Brassica_oleracea_kimmeridge,0,,,,,0,,,0.5,,,1,,1.5,1.5,,,,,2.5,,,2.5,,,3.5,,4,4.5,,,,4.5,,,5.5
374,8,control,0,0,1,lineage II,Brassiceae,Brassica_oleracea_kimmeridge,0,,,,,0,,,0.5,,,1.5,,1.5,1.5,,,,,2.5,,,2.5,,,3.5,,3.5,4.5,,,,4.5,,,4.5
375,8,control,0,0,1,lineage II,Brassiceae,Brassica_oleracea_kimmeridge,0,,,,,0,,,0.5,,,1,,1.5,1.5,,,,,2,,,2.5,,,3.5,,3.5,4.5,,,,4.5,,,4.5
376,8,control,0,0,1,lineage II,Brassiceae,Sinapis_arvensis,0,,,,,1,,,2,,,2.5,,3.5,3.5,,,,,4,,,4.5,,,6,,6,6,,,,,,,
377,8,control,0,0,1,lineage II,Brassiceae,Sinapis_arvensis,0,,,,,0.5,,,1.5,,,2.5,,2.5,3.5,,,,,4.5,,,4.5,,,5.5,,6,6,,,,,,,
378,8,control,0,0,1,lineage II,Brassiceae,Sinapis_arvensis,0,,,,,0.5,,,1.5,,,2,,2.5,2.5,,,,,4,,,4.5,,,5,,5,5,,,,,,,
379,8,control,0,0,1,lineage II,Brassiceae,Sinapis_arvensis,0,,,,,1.5,,,2,,,2.5,,2.5,3.5,,,,,4.5,,,5.5,,,6,,6,6.5,,,,,,,
380,8,control,0,0,1,lineage II,Brassiceae,Sinapis_arvensis,0,,,,,1,,,2,,,2.5,,2.5,2.5,,,,,3.5,,,4.5,,,5,,5,6,,,,,,,
381,8,control,0,0,1,lineage II,Brassiceae,Sinapis_arvensis,0,,,,,1,,,2,,,2.5,,3.5,3.5,,,,,4.5,,,4.5,,,6,,6,6,,,,,,,
382,8,control,0,0,1,expanded lineage II,Arabidae,Arabis_glabra,0,,,,,2,,,1.5,,,3.5,,4.5,4.5,,,,,6.5,,,7.5,,,8.5,,9.5,,,,,,,,
383,8,control,0,0,1,expanded lineage II,Arabidae,Arabis_glabra,0,,,,,0.5,,,2,,,2.5,,3.5,4.5,,,,,5.5,,,6.5,,,8.5,,9.5,,,,,,,,
384,8,control,0,0,1,expanded lineage II,Arabidae,Arabis_glabra,0,,,,,2,,,2,,,2.5,,3.5,4,,,,,5.5,,,6.5,,,8.5,,9.5,,,,,,,,
385,8,control,0,0,1,expanded lineage II,Arabidae,Arabis_glabra,0,,,,,2,,,2,,,3.5,,3.5,4,,,,,5.5,,,6.5,,,8.5,,9.5,,,,,,,,
386,8,control,0,0,1,expanded lineage II,Arabidae,Arabis_glabra,0,,,,,2,,,2,,,2.5,,3.5,3.5,,,,,5.5,,,6.5,,,8.5,,9.5,,,,,,,,
387,8,control,0,0,1,expanded lineage II,Arabidae,Arabis_glabra,0,,,,,2,,,2,,,2.5,,3.5,4.5,,,,,5.5,,,6.5,,,8.5,,9.5,,,,,,,,
388,8,control,0,0,1,lineage II,Brassiceae,Brassica_nigra,0,,,,,2,,,2.5,,,3,,4.5,4.5,,,,,4.5,,,6,,,7.5,,7.5,,,,,,,,
389,8,control,0,0,1,lineage II,Brassiceae,Brassica_nigra,0,,,,,2,,,2.5,,,3.5,,4.5,4.5,,,,,6.5,,,6.5,,,7.5,,8.5,,,,,,,,
390,8,control,0,0,1,lineage II,Brassiceae,Brassica_nigra,0,,,,,2,,,2.5,,,3.5,,4,4,,,,,4.5,,,5.5,,,6.5,,6.5,,,,,,,,
391,8,control,0,0,1,lineage II,Brassiceae,Brassica_nigra,0,,,,,2,,,2,,,2.5,,3.5,3.5,,,,,4.5,,,5.5,,,6.5,,7,,,,,,,,
392,8,control,0,0,1,lineage II,Brassiceae,Brassica_nigra,0,,,,,2,,,2.5,,,3.5,,4,4.5,,,,,5.5,,,6.5,,,7.5,,7.5,,,,,,,,
393,8,control,0,0,1,lineage II,Brassiceae,Brassica_nigra,0,,,,,1.5,,,2,,,2.5,,3,3.5,,,,,4,,,5,,,6.5,,6.5,,,,,,,,
394,8,control,0,0,1,lineage I,Cardamineae,Barbarea_vulgaris,0,,,,,2,,,2.5,,,3.5,,4.5,4.5,,,,,6.5,,,7.5,,,8.5,,,,,,,,,,
395,8,control,0,0,1,expanded lineage II,Alysseae,Berteroa_incana,0,,,,,0,,,2,,,3.5,,3.5,4,,,,,5.5,,,7.5,,,9.5,,,,,,,,,,
396,8,control,0,0,1,lineage I,Cardamineae,Barbarea_vulgaris,0,,,,,1.5,,,2.5,,,3.5,,4.5,5.5,,,,,6.5,,,7.5,,,9.5,,,,,,,,,,
397,8,control,0,0,1,lineage I,Cardamineae,Barbarea_vulgaris,0,,,,,,,,,,,,,,,,,,,,,,,,,,,,,,,,,,,
398,8,control,0,0,1,lineage I,Cardamineae,Barbarea_vulgaris,0,,,,,,,,,,,,,,,,,,,,,,,,,,,,,,,,,,,
399,8,control,0,0,1,lineage I,Cardamineae,Barbarea_vulgaris,0,,,,,,,,,,,,,,,,,,,,,,,,,,,,,,,,,,,
400,8,control,0,0,1,lineage I,Cardamineae,Barbarea_vulgaris,0,,,,,2,,,2.5,,,3.5,,4.5,5.5,,,,,6.5,,,7.5,,,10.5,,,,,,,,,,
401,8,control,0,0,1,lineage I,Cardamineae,Barbarea_vulgaris,0,,,,,2,,,2.5,,,4.5,,4.5,5.5,,,,,6.5,,,8.5,,,11,,,,,,,,,,
402,8,control,0,0,1,lineage I,Cardamineae,Barbarea_vulgaris,0,,,,,2,,,2.5,,,4.5,,5.5,5.5,,,,,7.5,,,8.5,,,10.5,,,,,,,,,,
403,8,control,0,0,1,lineage I,Cardamineae,Barbarea_vulgaris,0,,,,,2.5,,,2.5,,,4.5,,4.5,5.5,,,,,6.5,,,7.5,,,10.5,,,,,,,,,,
404,8,control,0,0,1,lineage I,Cardamineae,Barbarea_vulgaris,0,,,,,2.5,,,3.5,,,4.5,,5.5,6.5,,,,,7.5,,,9.5,,,10.5,,,,,,,,,,
405,8,control,0,0,1,lineage I,Cardamineae,Barbarea_vulgaris,0,,,,,2,,,2.5,,,3.5,,4.5,4.5,,,,,6.5,,,7.5,,,8.5,,,,,,,,,,
406,8,control,0,0,1,lineage II,Brassiceae,Brassica_rapa,0,,,,,1.5,,,2,,,3,,3.5,4,,,,,4.5,,,5.5,,,6,,6.5,7,,,,,,,
407,8,control,0,0,1,lineage II,Brassiceae,Brassica_rapa,0,,,,,0.5,,,1.5,,,2,,2.5,3.5,,,,,4.5,,,4.5,,,5,,5.5,6.5,,,,,,,
408,8,control,0,0,1,lineage II,Brassiceae,Brassica_rapa,0,,,,,1,,,2,,,2.5,,3.5,3.5,,,,,4.5,,,5,,,5.5,,6.5,7.5,,,,,,,
409,8,control,0,0,1,lineage II,Brassiceae,Brassica_rapa,0,,,,,1.5,,,2,,,2.5,,3,3.5,,,,,4.5,,,5,,,5.5,,5.5,6.5,,,,,,,
410,8,control,0,0,1,lineage II,Brassiceae,Brassica_rapa,0,,,,,1.5,,,2,,,2.5,,3.5,3.5,,,,,4.5,,,5.5,,,6.5,,6.5,6.5,,,,,,,
411,8,control,0,0,1,lineage II,Brassiceae,Brassica_rapa,0,,,,,0.5,,,2,,,2.5,,2.5,3.5,,,,,4.5,,,4.5,,,5.5,,5.5,6,,,,,,,
412,8,control,0,0,1,lineage I,Camelineae,Camelina_sativa,0,,,,,2,,,2.5,,,3.5,,4.5,5.5,,,,,6.5,,,7.5,,,10.5,,12.5,,,,,,,,
413,8,control,0,0,1,lineage I,Camelineae,Camelina_sativa,0,,,,,2,,,2.5,,,3.5,,4.5,4.5,,,,,7.5,,,8.5,,,10.5,,12.5,,,,,,,,
414,8,control,0,0,1,lineage I,Camelineae,Camelina_sativa,0,,,,,2,,,2.5,,,3.5,,4.5,4.5,,,,,6.5,,,7.5,,,9.5,,11.5,,,,,,,,
415,8,control,0,0,1,lineage I,Camelineae,Camelina_sativa,0,,,,,2,,,2.5,,,3.5,,4.5,4.5,,,,,6.5,,,7.5,,,10.5,,12.5,,,,,,,,
416,8,control,0,0,1,lineage I,Camelineae,Camelina_sativa,0,,,,,2,,,2.5,,,3.5,,4.5,4.5,,,,,6.5,,,7.5,,,10.5,,12.5,,,,,,,,
417,8,control,0,0,1,lineage I,Camelineae,Camelina_sativa,0,,,,,2,,,2.5,,,3.5,,4.5,4.5,,,,,6.5,,,7.5,,,9.5,,11.5,,,,,,,,
418,8,control,0,0,1,lineage I,Camelineae,Capsella_bursa-pastoris,0,,,,,2,,,2.5,,,4.5,,5.5,6,,,,,7.5,,,9.5,,,12.5,,,,,,,,,,
419,8,control,0,0,1,lineage I,Camelineae,Capsella_bursa-pastoris,0,,,,,2,,,3.5,,,4.5,,5.5,6.5,,,,,6.5,,,8.5,,,12.5,,,,,,,,,,
420,8,control,0,0,1,lineage I,Camelineae,Capsella_bursa-pastoris,0,,,,,2,,,2.5,,,4.5,,5.5,6.5,,,,,8.5,,,10.5,,,12.5,,,,,,,,,,
421,8,control,0,0,1,lineage I,Camelineae,Capsella_bursa-pastoris,0,,,,,,,,,,,,,,,,,,,,,,,,,,,,,,,,,,,
422,8,control,0,0,1,lineage I,Camelineae,Capsella_bursa-pastoris,0,,,,,,,,,,,,,,,,,,,,,,,,,,,,,,,,,,,
423,8,control,0,0,1,lineage I,Camelineae,Capsella_bursa-pastoris,0,,,,,,,,,,,,,,,,,,,,,,,,,,,,,,,,,,,
424,8,control,0,0,1,lineage III,Euclidieae,Euclidium_syriacum,0,,,,,0.5,,,2,,,4,,4.5,4.5,,,,,7.5,,,8.5,,,10,,,,,,,,,,
425,8,control,0,0,1,lineage III,Euclidieae,Euclidium_syriacum,0,,,,,0.5,,,2,,,3.5,,4.5,4.5,,,,,6.5,,,8,,,10.5,,,,,,,,,,
426,8,control,0,0,1,lineage III,Euclidieae,Euclidium_syriacum,0,,,,,2,,,3.5,,,4.5,,5.5,6.5,,,,,7.5,,,8.5,,,10.5,,,,,,,,,,
427,8,control,0,0,1,lineage III,Euclidieae,Euclidium_syriacum,0,,,,,2,,,2.5,,,4,,4.5,5,,,,,7.5,,,8.5,,,9.5,,,,,,,,,,
428,8,control,0,0,1,lineage III,Euclidieae,Euclidium_syriacum,0,,,,,,,,,,,,,,,,,,,,,,,,,,,,,,,,,,,
429,8,control,0,0,1,lineage III,Euclidieae,Euclidium_syriacum,0,,,,,,,,,,,,,,,,,,,,,,,,,,,,,,,,,,,
430,9,control,0,0,1,lineage I,Camelineae,Arabidopsis_lyrata,0,,,,,,,,,,2.5,2.5,4.5,,,4.5,,,5.5,6.5,,,8.5,,,,,,,,,,,,,
431,9,control,0,0,1,lineage I,Camelineae,Arabidopsis_lyrata,0,,,,,,,,,,2,2.5,2.5,,,3.5,,,4.5,5.5,,,6.5,,,,,,,,,,,,,
432,9,control,0,0,1,lineage I,Camelineae,Arabidopsis_lyrata,0,,,,,,,,,,2,2.5,3.5,,,4,,,4.5,4.5,,,6.5,,,,,,,,,,,,,
433,9,control,0,0,1,lineage I,Camelineae,Arabidopsis_lyrata,0,,,,,,,,,,2,2.5,2.5,,,3.5,,,3.5,4.5,,,6.5,,,,,,,,,,,,,
457,9,control,0,0,1,lineage III,Buniadeae,Bunias_orientalis,0,,,,0.5,,,1,,,1.5,,,,2,,,2.5,,3.5,,,4.5,,,4.5,5.5,,,5.5,,,,,,
434,9,control,0,0,1,lineage I,Cardamineae,Rorippa_austriaca,0,,,,,,,1.5,,,2,,,,2.5,,2.5,3.5,,,,,,,,,,,,,,,,,,
438,9,control,0,0,1,lineage I,Cardamineae,Rorippa palustris,0,,,,,,,0,,,0.5,,,,1.5,,2,2.5,,,,,,,,,,,,,,,,,,
439,9,control,0,0,1,Poaceae,,Brachypodium,0,,,,1,,,1.5,,,2.5,2.5,,,3.5,,,,,,,,,,,,,,,,,,,,,
440,9,control,0,0,1,Poaceae,,Brachypodium,,,,,,,,,,,,,,,,,,,,,,,,,,,,,,,,,,,,
441,9,control,0,0,1,Poaceae,,Brachypodium,0,,,,1,,,1.5,,,2.5,2.5,,,3.5,,,,,,,,,,,,,,,,,,,,,
442,9,control,0,0,1,Poaceae,,Brachypodium,,,,,,,,,,,,,,,,,,,,,,,,,,,,,,,,,,,,
443,9,control,0,0,1,Poaceae,,Brachypodium,0,,,,1,,,1.5,,,2.5,2.5,,,3.5,,,,,,,,,,,,,,,,,,,,,
444,9,control,0,0,1,Poaceae,,Brachypodium,0,,,,1,,,1.5,,,2.5,2.5,,,3.5,,,,,,,,,,,,,,,,,,,,,
445,9,control,0,0,1,Poaceae,,Zea_mays,,,,,,,,,,,,,,,,,,,,,,,,,,,,,,,,,,,,
446,9,control,0,0,1,Poaceae,,Zea_mays,,,,,,,,,,,,,,,,,,,,,,,,,,,,,,,,,,,,
447,9,control,0,0,1,Poaceae,,Zea_mays,0,,,,0.5,,,0.5,,,2.5,3,,,3.5,,,,,,,,,,,,,,,,,,,,,
448,9,control,0,0,1,Poaceae,,Zea_mays,0,,,,0.5,,,0.5,,,1.5,2,,,3.5,,,,,,,,,,,,,,,,,,,,,
449,9,control,0,0,1,Poaceae,,Zea_mays,0,,,,0.5,,,1.5,,,2.5,3.5,,,4.5,,,,,,,,,,,,,,,,,,,,,
450,9,control,0,0,1,Cucurbitaceae,,Cucumis_sativus,,,,,,,,,,,,,,,,,,,,,,,,,,,,,,,,,,,,
451,9,control,0,0,1,Cucurbitaceae,,Cucumis_sativus,0,,,,0.5,,,0.5,,,1.5,1.5,,,1.5,,,,,,,,,,,,,,,,,,,,,
452,9,control,0,0,1,Cucurbitaceae,,Cucumis_sativus,0,,,,0.5,,,0.5,,,1.5,1.5,,,1.5,,,,,,,,,,,,,,,,,,,,,
453,9,control,0,0,1,Cucurbitaceae,,Cucumis_sativus,0,,,,0.5,,,0.5,,,0.5,1.5,,,1.5,,,,,,,,,,,,,,,,,,,,,
454,9,control,0,0,1,Cucurbitaceae,,Cucumis_sativus,0,,,,0,,,0,,,0.5,0.5,,,1.5,,,,,,,,,,,,,,,,,,,,,
455,9,control,0,0,1,Cucurbitaceae,,Cucurbita_pepo,0,,,,0,,,0,,,0.5,1,,,1.5,,,,,,,,,,,,,,,,,,,,,
456,9,control,0,0,1,Cucurbitaceae,,Cucurbita_pepo,0,,,,0.5,,,0.5,,,1.5,1.5,,,2.5,,,,,,,,,,,,,,,,,,,,,
